lang wrong name;true last name;true first name
en Asimov Issac;Asimov;Isaac
en Le Giun Ursula;Le Guin;Ursula
en Lem Stanislav;Lem;Stanisław
en Lem Stanislaw;Lem;Stanisław
en Mvneill Graham;Mcneill;Graham
en Stasheff Cristopher;Stasheff;Christopher
ru Eddings David;Эддингс;Дэвид
ru Gaiman Neil;Гейман;Нил
ru Heidegger Martin;Хайдеггер;Мартин
ru Mak Ivan;Макарченко;Иван
ru Pratchett Terry;Пратчетт;Терри
ru Rennie Gordon;Гордон;Ренни
ru Shakespear William;Шекспир;Уильям
ru Tenn William;Тенн;Уильям
ru Tolkien John;Толкиен;Джон
ru Wars Star;Андерсон;Кевин
ru Wolf Lord;LordWolf; 
ru Абрамов Аександр;Абрамов;Александр
ru Авраменко А.;Авраменко;Александр
ru Амнуэль Павел (Песах);Амнуэль;Павел
ru Амнуэль Песах;Амнуэль;Павел
ru Андронати Ира;Андронати;Ирина
ru Арно Серж;Арно;Сергей
ru Артемьев Р.;Артемьев;Роман
ru Ахманов Mихаил;Ахманов;Михаил
ru Баталов ©;Баталов;Сергей
ru Бекнел Рексана;Бекнел;Рексанна
ru Белов Александр Константинович;Белов;Александр
ru Белов (Селидор) Александр;Белов;Александр
ru Берджес Энтони;Берджесс;Энтони
ru Бодрийар Жан;Бодрийяр;Жан
ru Брайан Фрэнсис;Брайан;Френсис
ru Бредбери Рэй;Брэдбери;Рэй
ru Брекетт Ли;Брэкетт;Ли
ru Бреккет Ли;Брэкетт;Ли
ru Бубнов Андрей.;Бубнов;Андрей
ru Буджолд        Рис. Пашковского Лоис;Буджолд;Лоис
ru Буджолд Рис. Пашковского Лоис;Буджолд;Лоис
ru Бэккер Р.;Бэккер;Скотт
ru Бэккер Р. Скотт;Бэккер;Скотт
ru Ван Вогт А.;Ван Вогт;Альфред
ru Ван Вогт Альфред Элтон;Ван Вогт;Альфред
ru Ван Вогт;Ван Вогт;Альфред
ru Веров Я;Веров;Ярослав
ru Витицкий С;Витицкий;С.
ru Ворнхольт Джон;Ворнхолт;Джон
ru Вульф Джин;Вулф;Джин
ru Вэнс Джeк;Вэнс;Джек
ru Гарсиа-И-Робертсон Р.;Гарсиа-И-Робертсон;Родриго
ru Гарсия-И-Робертсон Р.;Гарсиа-И-Робертсон;Родриго
ru Голсуори Джон;Голсуорси;Джон
ru Горькавый Ник.;Горькавый;Ник
ru Гулард Рон;Гуларт;Рон
ru Де Камп;Де Камп;Лайон
ru Де Камп Лайон, Лин Картер;Де Камп;Лайон
ru Де Камп Лион;Де Камп;Лайон
ru Де Ченси;Де Ченси;Джон
ru Диего Элисео;Элисео;Диего
ru Дик Филипп;Дик;Филип
ru Дилэни Самуэль;Дилэни;Сэмюэль
ru Дилэни Сэмюель;Дилэни;Сэмюэль
ru Дитс Вильям;Дитц;Уильям
ru `Док` Смит Эдвард Элмер;Смит;Эдвард Элмер
ru Дункан Дэйв;Дункан;Дейв
ru Жаботинский Владимир (Зеев);Жаботинский;Владимир
ru Живой А.;Живой;Алексей
ru Живой А.Я.;Живой;Алексей
ru Зайцев Сергей М.;Зайцев;Сергей
ru Зигуненко Cтанислав;Зигуненко;Станислав
ru Келлерман Джонатам;Келлерман;Джонатан
ru Кертис (I) Джек;Кертис;Джек
ru Киз Грег;Киз;Грегори
ru Киз Дж. Грегори;Киз;Грегори
ru Киз Дэниэл;Киз;Дэниел
ru Козлов Сергей Владиславович;Козлов;Сергей
ru Конан-Дойл Артур;Конан Дойл;Артур
ru Корнуэлл Патрисия;Корнуэлл;Патриция
ru Кун Джин.;Кун;Джин
ru Кутзее Джозеф Максвел;Кутзее;Джозеф
ru Лампит Дина;Лампитт;Дина
ru Ле Гуин;Ле Гуин;Урсула
ru Леонард Эльмор;Леонард;Элмор
ru Литвиновы Анна И Сергей;Литвиновы;Анна и Сергей
ru Литвиновы Анна;Литвиновы;Анна и Сергей
ru Макдевитт Джек;Макдевит;Джек
ru Макинтош Дж;Макинтош;Джон
ru Макинтош Дж.;Макинтош;Джон
ru Михайлов Михайлов;Михайлов;Михаил
ru Морхайм Дениз;Морхайм;Денниз
ru Найт Дэймон;Найт;Деймон
ru Незнанский Фридрик;Незнанский;Фридрих
ru Неизвестен Автор;Автор;Неизвестен
ru Нефф Ондржей;Нефф;Онджей
ru Нортон Андрэ;Нортон;Андре
ru Панина Наталия;Панина;Наталья
ru Пардоу Блэйн Ли;Пардоу;Блейн
ru Пардоу Блэйн;Пардоу;Блейн
ru Перри С.;Перри;Стефани
ru Платонов Aндрей;Платонов;Андрей
ru По Эдгар Алан;По;Эдгар
ru Пратчетт Теренс;Пратчетт;Терри
ru Пурнелл Джерри;Пурнель;Джерри
ru Пьер Алексис Понсон дю Террай;дю Террай;Понсон
ru Резник Майкл (Майк);Резник;Майк
ru Родденбеppи Джин;Родденберри;Джин
ru Романовский. Александр;Романовский;Александр
ru Ростиславский Л;Ростиславский;Лев
ru Роулинг Джоанн;Роулинг;Джоан
ru Руда А;Руда;Александра
ru Саймак Клиффоpд;Саймак;Клиффорд
ru Семeнова Мария;Семенова;Мария
ru Сканлон. Митчел;Сканлон;Митчел
ru Смит Кордвайнер;Смит;Кордвейнер
ru Снегов Снегов;Снегов;Сергей
ru Спинрад Ноpман;Спинрад;Норман
ru Спинрад Норманн;Спинрад;Норман
ru Стайн Роберт Лоуренс;Стайн;Роберт
ru Стайн Р.;Стайн;Роберт
ru Сташефф Кристофер;Сташеф;Кристофер
ru Стовер Мэттью;Стовер;Мэтью
ru Стогoв Илья;Стогов;Илья
ru Стросс Черльз;Стросс;Чарльз
ru Стругацкие Аркадий И Борис;Стругацкие;Аркадий и Борис
ru Стругацкий Аркадий, Борис;Стругацкие;Аркадий и Борис
ru Стюарт Йэн;Стюарт;Иэн
ru Толкиен Джон Рональд Руэл;Толкиен;Джон
ru Толкин Джон;Толкиен;Джон
ru Толстой Алексей Николаевич;Толстой;Алексей
ru Толстой А;Толстой;Алексей
ru Томан Иозеф;Томан;Йозеф
ru Тримейн Питер;Тримэйн;Питер
ru Тюрин. Александр;Тюрин;Александр
ru Уаймэн Стенли;Уаймэн;Стэнли
ru Уильямс Чарли;Уильямс;Чарльз
ru Уиндэм Райдер;Уиндем;Райдер
ru Уиндэм ;Уиндем;Джон
ru Хаббард Л.;Хаббард;Рон
ru Хачатурянц Левон;Хачатурьянц;Левон
ru Чирков. © Виктор;Чирков;Виктор
ru Шаттнер Уильям;Шатнер;Уильям
ru Шефнер В.;Шефнер;Вадим
ru Шеффилд Чарлз;Шеффилд;Чарльз
ru Щепетов Cергей;Щепетов;Сергей
ru Юрий Бурнусов;Юрий;Бурносов
ru Якименко Сегедский Константин;Якименко-Сегедский;Константин
